"","X1","record_id","policy_id","entry_type","correct_type","update_type","update_level","description","date_announced","date_start","date_end","country","ISO_A3","ISO_A2","init_country_level","domestic_policy","province","city","type","type_sub_cat","type_text","institution_status","target_country","target_geog_level","target_region","target_province","target_city","target_other","target_who_what","target_direction","travel_mechanism","compliance","enforcer","index_high_est","index_med_est","index_low_est","index_country_rank","link","date_updated","recorded_date"
"1",1,"R_33vbEOW6j69Sl77Dg",3144269,"new_entry","original",NA,NA,"22.03.2020: all schools in the the Australian Capital Territory will begin pupil-free days from March 24 until the end of holidays (April 26)",2020-03-22,2020-03-24,2020-04-26,"Australia","AUS","AU","Provincial",1,"Australian Capital Territory",NA,"Closure and Regulation of Schools","Primary Schools (generally for children ages 10 and below)",NA,"Primary Schools closed/locked down","Australia",NA,NA,"Australian Capital Territory",NA,NA,"All Residents (Citizen Residents + Foreign Residents)",NA,NA,"Mandatory (Unspecified/Implied)","Provincial/State Government",53.2898557844817,51.7799888193876,50.3819036607217,70,"https://www.covid19.act.gov.au/news-articles/confirmation-of-act-schools-response-to-covid-19",2020-04-24,2020-04-24 13:11:46
"2",11,"R_32JUZGuQvI0klXyNA",8782298,"new_entry","original",NA,NA,"Public Health Emergency has been declared in the Australian Capital Territory by the Minister for Health Rachel Stephen-Smith MLA, effective Monday 16 March 2020.",2020-03-16,2020-03-16,2021-02-17,"Australia","AUS","AU","Provincial",1,"Australian Capital Territory",NA,"Declaration of Emergency",NA,NA,NA,"Australia",NA,NA,"Australian Capital Territory",NA,NA,"All Residents (Citizen Residents + Foreign Residents)",NA,NA,"Mandatory (Unspecified/Implied)","Ministry/Department of Health,Provincial/State Government",50.8586773557478,49.6858586019451,48.2842750806351,49,"https://www.covid19.act.gov.au/news-articles/declaration-of-public-health-emergency",2020-04-24,2020-04-24 12:11:01
"3",51,"R_UoxktrsYtnenjnbCm",7561488,"new_entry","original",NA,NA,"The ACT Government of Australia has advised ACT residents that you should not travel if you are unwell. The nature of COVID-19 is that it is highly contagious, and it can move very quickly. As such, we strongly urge ACT residents to reconsider the need for any unnecessary travel to COVID- affected areas. While travelling, it is your responsibility to maintain physical distancing and practise good hygiene, and adhere to all requirements of the rules of the state you are travelling too. Check the rules for each state or territory. If you develop COVID-19 symptoms while away or after returning to the ACT, get tested immediately.

",2020-08-10,2020-08-10,NA,"Australia","AUS","AU","Provincial",0,"Australian Capital Territory",NA,"External Border Restrictions","Other External Border Restriction",NA,NA,"Australia","One or more regional groupings","Other Regions (please specify below)","Australian Capital Territory",NA,NA,"All (Travelers + Residents)","Inbound/Outbound","All kinds of transport","Voluntary/Recommended but No Penalties","Provincial/State Government",NA,NA,NA,NA,"https://www.covid19.act.gov.au/community/travel",2020-09-07,2020-09-07 11:24:25
"4",54,"R_1exbuGS2TCFM7muNA",7065129,"new_entry","original",NA,NA,"On the 30 March 2020, the Australian Territory government developed an app that includes information about COVID-19 and the Weston Creek Walk-in Centre, which is the preferred location for testing in the ACT. It can help you plan when to attend the centre to avoid potential community transmission of the virus. You can also find out what to expect during and after a stay in hospital, with inpatient guides for all three public hospitals in the ACT­ – Canberra Hospital, Calvary Hospital and the University of Canberra Hospital: Specialist Centre for Rehabilitation, Recovery and Research. There’s in-depth information for patients and families on preparing for a hospital stay, what to do during your stay, planning to leave, and after you leave.",2020-03-30,2020-03-30,NA,"Australia","AUS","AU","Provincial",0,"Australian Capital Territory",NA,"Health Monitoring",NA,NA,NA,"Australia",NA,NA,"Australian Capital Territory",NA,NA,NA,NA,NA,"Voluntary/Recommended but No Penalties","Other (Please specify in the text box)",53.9960543553612,52.1648451491062,50.5466125849037,69,"https://www.health.act.gov.au/digital/consumerapp",2020-09-22,2020-09-22 16:29:36
"5",75,"R_1THehxJ2hVDdw3fDn",7493721,"new_entry","correction",NA,NA,"19.03.2020: Drive through testing for COVID-19 to commence in Canberra from 20th of March",2020-03-19,2020-03-20,NA,"Australia","AUS","AU","Provincial",0,"Australian Capital Territory",NA,"Health Resources","Public Testing Facilities (e.g. drive-in testing for COVID-19)",NA,NA,"Australia","One or more geographical or administrative units within one or more countries",NA,"Australian Capital Territory","Canberra",NA,"All Residents (Citizen Residents + Foreign Residents)",NA,"Not Applicable","Voluntary/Recommended but No Penalties","Ministry/Department of Health,Provincial/State Government",52.2564949957322,50.9096906194288,49.5216715948242,58,"https://www.covid19.act.gov.au/news-articles/drive-through-testing-for-covid-19-to-commence-at-epic-from-friday",2020-04-24,2020-04-24 13:35:34
"6",155,"R_2BrgkmsMaW6SVoMNA",4657525,"new_entry","original",NA,NA,"March 22, 2020: Australian Capital Territory government expands testing criteria",2020-03-22,2020-03-22,2020-05-08,"Australia","AUS","AU","Provincial",1,"Australian Capital Territory",NA,"Health Testing",NA,NA,NA,"Australia","One or more geographical or administrative units within one or more countries",NA,"Australian Capital territory_Australian Capital Territory",NA,NA,"All Residents (Citizen Residents + Foreign Residents)",NA,"Not Applicable","Voluntary/Recommended but No Penalties","Ministry/Department of Health,Provincial/State Government",52.7511788898364,51.338356128617,50.1836764715713,61,"https://www.covid19.act.gov.au/news-articles/covid-19-testing-criteria-expanded",2020-04-24,2020-04-24 13:05:13
"7",196,"R_2E3Fs1551AXXvFANA",2751659,"new_entry","original",NA,NA,"On 13 July 2020, the Australian Territory Government stated that women attending pregnancy check-ups in hospital can be accompanied by a support person. Children up to the age of 17 years should avoid visiting health facilities. Patients attending an outpatient and/or a community health clinic should, wherever possible, attend alone. If patients do require a support person, they should be asked to limit this to one person only. Admitted babies, children and young people (0 -17 years) may have one parent/carer present at all times, with an additional visitor up to one hour each day. When a woman is admitted for care related to birthing, she may have up to two support persons present. This needs to be pre-planned with the relevant midwifery and obstetric staff during antenatal care.",2020-07-13,2020-07-13,NA,"Australia","AUS","AU","Provincial",0,"Australian Capital Territory",NA,"Lockdown",NA,NA,NA,"Australia",NA,NA,"Australian Capital Territory",NA,NA,NA,NA,NA,"Mandatory (Unspecified/Implied)","Provincial/State Government",NA,NA,NA,NA,"https://www.covid19.act.gov.au/updates/health-service-changes",2020-09-23,2020-09-23 15:44:24
"8",207,"R_cvFaYOdbuF9KTPXNA",1257816,"new_entry","original",NA,NA,"02.04.2020: The Australian Capital Territory Government will build a temporary COVID-19 Emergency Department",2020-04-02,2020-04-02,NA,"Australia","AUS","AU","Provincial",1,"Australian Capital Territory",NA,"New Task Force, Bureau or Administrative Configuration",NA,NA,NA,"Australia",NA,NA,"Australian Capital Territory",NA,NA,"All Residents (Citizen Residents + Foreign Residents)",NA,NA,"Mandatory (Unspecified/Implied)","Ministry/Department of Health,Provincial/State Government",54.9579367773844,52.2488600898535,50.0068033895288,71,"https://www.covid19.act.gov.au/news-articles/temporary-covid-19-emergency-dept",2020-04-24,2020-04-24 13:47:07
"9",324,"R_1PShbfJBgUKPYfMDv",137943,"new_entry","original",NA,NA,"23.03.2020 the Australian Capital Territory government enacts a temporary closing of non-essential businesses and activities",2020-03-23,2020-03-23,2020-09-01,"Australia","AUS","AU","Provincial",1,"Australian Capital Territory",NA,"Restriction and Regulation of Businesses","Restaurants",NA,"This type of business  (""Restaurants"") is closed/locked down","Australia",NA,NA,"Australian Capital Territory",NA,NA,"All Residents (Citizen Residents + Foreign Residents)",NA,NA,"Mandatory (Unspecified/Implied)","Provincial/State Government",52.5846622043564,51.62199425634,50.5668693379512,65,"https://www.covid19.act.gov.au/news-articles/statement-act-chief-minister",2020-04-24,2020-04-24 13:27:55
"10",437,"R_1r05xL6lKHokBPsNA",1562868,"new_entry","original",NA,NA,"From March 19, mass gatherings of more than 500 people outdoors and 100 people indoors will be prohibited in the Australian Capital Territory.",2020-03-19,2020-03-19,2020-10-09,"Australia","AUS","AU","Provincial",1,"Australian Capital Territory",NA,"Restrictions of Mass Gatherings",NA,NA,NA,"Australia",NA,NA,"Australian Capital Territory",NA,NA,"All Residents (Citizen Residents + Foreign Residents)",NA,NA,"Mandatory with Fines","Ministry/Department of Health,Provincial/State Government",51.8152048083278,50.6252021481097,49.1761889601873,57,"https://www.covid19.act.gov.au/news-articles/new-public-health-emergency-directions-in-the-act",2020-04-24,2020-04-24 12:18:14
"11",485,"R_2B5NNr8y8Qw5Nk1NA",7598481,"new_entry","original",NA,NA,"From March 19 2020, the Australian Capital Territory government restricts visitors to public health services",2020-03-19,2020-03-19,2020-08-28,"Australia","AUS","AU","Provincial",1,"Australian Capital Territory",NA,"Social Distancing",NA,NA,NA,"Australia",NA,NA,"Australian Capital Territory",NA,NA,"All Residents (Citizen Residents + Foreign Residents)",NA,NA,"Mandatory (Unspecified/Implied)","Ministry/Department of Health,Provincial/State Government",51.8152048083278,50.6252021481097,49.1761889601873,57,"https://www.covid19.act.gov.au/news-articles/restricted-visitors-to-canberras-public-health-services",2020-04-24,2020-04-24 13:00:29
"12",4,"R_2wFeVxvT3CxAvbgDg",7778287,"new_entry","original",NA,NA,"As of 23 March 2020, the Premier of NSW, Australia, has advised parents to keep their children at home however schools remain open to accommodate front-line workers.",2020-03-23,2020-03-24,NA,"Australia","AUS","AU","Provincial",1,"New South Wales",NA,"Closure and Regulation of Schools","Primary Schools (generally for children ages 10 and below)",NA,"Primary Schools allowed to open with no conditions","Australia",NA,NA,"New South Wales",NA,NA,"All Residents (Citizen Residents + Foreign Residents)",NA,NA,"Voluntary/Recommended but No Penalties","Provincial/State Government",53.2898557844817,51.7799888193876,50.3819036607217,70,"https://www.nsw.gov.au/media-releases/new-covid-19-restrictions-begin-as-schools-move-towards-online-learning",2020-09-02,2020-09-02 04:25:15
"13",45,"R_3R40DJMPFD5w7yzNA",9564981,"new_entry","correction",NA,NA,"On July 7 2020, the NSW Government of Australia announced the Public Health (COVID-19 Border Control) Order 2020 which states that a person who has been in Victoria within the previous 14 days must not enter New South Wales unless the person is authorised to enter New South Wales.

People who are authorised to enter include:
- NSW residents
- provider of emergency services
- those who have medical, legal or compassionate reasons
- those who have permits.",2020-07-07,2020-07-08,2021-01-02,"Australia","AUS","AU","Provincial",0,"New South Wales",NA,"External Border Restrictions",NA,NA,NA,"Australia","One or more geographical or administrative units within one or more countries",NA,"New South Wales",NA,NA,"Foreign Travelers","Inbound","All kinds of transport","Mandatory with Legal Penalties (Jail Time),Mandatory with Fines","Ministry/Department of Health,Provincial/State Government,Police",NA,NA,NA,NA,"https://gazette.legislation.nsw.gov.au/so/download.w3p?id=Gazette_2020_2020-149.pdf",2020-10-09,2020-10-09 03:30:53
"14",90,"R_1dtdVH43G4RVVwsCc",1506621,"new_entry","original",NA,NA,"On April 1, the Premier of NSW, Australia, launched the Emergency Supplies portal for companies to offer to build parts or supply urgently needed items during the COVID-19 crisis including hand sanitiser, handwash soap, gloves, cleaning products, protective clothing, masks, eyewear and paper products.",2020-04-01,2020-04-01,2020-12-31,"Australia","AUS","AU","Provincial",0,"New South Wales",NA,"Health Resources","Masks",NA,NA,"Australia",NA,NA,"New South Wales",NA,NA,NA,NA,NA,"Voluntary/Recommended but No Penalties","Ministry/Department of Health,Provincial/State Government",54.6201562238332,52.2097128192443,50.1827497536626,69,"https://www.nsw.gov.au/news/locals-to-fill-medical-supply-chain ; https://www.tenders.nsw.gov.au/?event=public.scheme.showArchived&RFTUUID=DE449E37-03D9-9555-E68A9DE1EBD8689A",2020-09-07,2020-09-07 05:20:58
"15",167,"R_3k1y6INsHw8KGclNA",7644697,"new_entry","original",NA,NA,"On 29 April 2020, the NSW Government of Australia announced a $250 million cleaning stimulus package to help stop the spread of COVID-19. This will improve the cleaning of public facilities including NSW transport, schools and TAFE. The government funding will also support small to medium-sized cleaning businesses through supplementary government contracts to help existing contractors with the cleaning task to stop the spread of COVID-19.


",2020-04-29,2020-04-29,NA,"Australia","AUS","AU","Provincial",0,"New South Wales",NA,"Hygiene",NA,NA,NA,"Australia",NA,NA,"New South Wales",NA,NA,NA,NA,NA,"Mandatory (Unspecified/Implied)","Ministry/Department of Health,Provincial/State Government",59.3320647083081,52.0804114063174,45.4894183610502,57,"https://www.nsw.gov.au/media-releases/250-million-cleaning-stimulus-package-to-help-stop-spread-of-covid-19",2020-09-07,2020-09-07 03:06:56
"16",177,"R_33eZ9VLDUdApjtuNA",130356,"new_entry","correction",NA,NA,"On 20 March 2020, the NSW Government of Australia commenced the Public Health (COVID-19 Lord Howe Island) Order 2020 which detailed the restriction of access to the Lord Howe Island to residents, those who are leaving, or those who are providing goods or services to it.",2020-03-20,2020-03-22,2020-11-28,"Australia","AUS","AU","Provincial",0,"New South Wales",NA,"Internal Border Restrictions",NA,NA,NA,"Australia","One or more geographical or administrative units within one or more countries",NA,"New South Wales",NA,NA,"All Residents (Citizen Residents + Foreign Residents)",NA,NA,"Mandatory with Legal Penalties (Jail Time),Mandatory with Fines","Provincial/State Government,Police",52.7511788898364,51.338356128617,50.1836764715713,61,"https://gazette.legislation.nsw.gov.au/so/download.w3p?id=Gazette_2020_2020-53.pdf",2020-09-27,2020-09-27 03:01:41
"17",188,"R_2doMN8upKemkSJyNA",383336,"new_entry","original",NA,NA,"On March 24, the NSW Government of Australia commenced a lockdown of residential aged care facilities, excluding employees.",2020-03-24,2020-03-24,2020-09-21,"Australia","AUS","AU","Provincial",0,"New South Wales",NA,"Lockdown",NA,NA,NA,"Australia",NA,NA,"New South Wales",NA,NA,NA,NA,NA,"Mandatory with Legal Penalties (Jail Time),Mandatory with Fines","Ministry/Department of Health,Provincial/State Government,Police",53.2898557844817,51.7799888193876,50.3819036607217,70,"https://gazette.legislation.nsw.gov.au/so/download.w3p?id=Gazette_2020_2020-55.pdf",2020-09-27,2020-09-27 01:00:55
"18",200,"R_ZrAAgiiu77q9VhTCg",734010,"new_entry","original",NA,NA,"On March 19, the NSW State Government of Australia has established the State of Emergency Operations Centre (SEOC) to bring together 20 critical agencies, including Police, Education, Transport and NSW Health, to coordinate an emergency response to the COVID-19 situation.",2020-03-19,2020-03-19,NA,"Australia","AUS","AU","Provincial",1,"New South Wales",NA,"New Task Force, Bureau or Administrative Configuration","New Task Force or Bureau (i.e. establishment of a temporary body)",NA,NA,"Australia",NA,NA,"New South Wales",NA,NA,"All Residents (Citizen Residents + Foreign Residents)",NA,NA,"Mandatory (Unspecified/Implied)","Provincial/State Government",51.8152048083278,50.6252021481097,49.1761889601873,57,"https://www.nsw.gov.au/media-releases/nsw-covid-19-response-headquarters",2020-09-02,2020-09-02 03:25:13
"19",226,"R_1eCPhGrOkIPdAgVNA",8607667,"new_entry","original",NA,NA,"On the April 9 2020, the NSW Government of Australia announced a Ministerial direction stating that a person must not intentionally spit at or cough on a public official in a way that would reasonably be likely to cause fear about the spread of COVID-19.",2020-04-09,2020-04-09,NA,"Australia","AUS","AU","Provincial",0,"New South Wales",NA,"Other Policy Not Listed Above",NA,"A policy directing that a person must not intentionally spit at or cough on a public official in a way that would reasonably be likely to cause fear about the spread of COVID-19.",NA,"Australia",NA,NA,"New South Wales",NA,NA,NA,NA,NA,"Mandatory with Legal Penalties (Jail Time),Mandatory with Fines","Provincial/State Government,Police",56.2524830492391,52.3091229503053,48.4814180251467,69,"https://gazette.legislation.nsw.gov.au/so/download.w3p?id=Gazette_2020_2020-77.pdf",2020-09-27,2020-09-27 01:06:03
"20",246,"R_6Q0x45vOcmdSkbnAu",6962631,"new_entry","original",NA,NA,"As of 26 March, the NSW State of Australia has launched a 24/7, non-health related COVID-19 hotline via the Service NSW contact centre.",2020-03-26,2020-03-26,NA,"Australia","AUS","AU","Provincial",0,"New South Wales",NA,"Public Awareness Measures","Disseminating information related to COVID-19 to the public that is reliable and factually accurate",NA,NA,"Australia",NA,NA,"New South Wales",NA,NA,NA,NA,NA,"Voluntary/Recommended but No Penalties","Provincial/State Government",52.9799611308989,52.0218894081391,50.9530322435114,72,"https://www.nsw.gov.au/media-releases/nsw-government-hires-more-staff-and-launches-24-hour-covid-19-hotline",2020-09-02,2020-09-02 04:33:31
"21",284,"R_1r3upLezAfwV35OEd",6281315,"new_entry","original",NA,NA,"On 16 March, the NSW Government of Australia made the Public Health (COVID-19 Quarantine) Order 2020 which states that  a person who arrives in New South Wales and who has been in a country other than Australia within 14 days before that arrival must after that arrival isolate themselves for a quarantine period of 14 days.",2020-03-16,2020-03-17,2020-06-25,"Australia","AUS","AU","Provincial",0,"New South Wales",NA,"Quarantine","Self-Quarantine (i.e. quarantine at home)",NA,NA,"Australia",NA,NA,"New South Wales",NA,NA,NA,NA,NA,"Mandatory with Legal Penalties (Jail Time),Mandatory with Fines","Provincial/State Government,Police",51.3344528545897,49.9871515023681,48.5353126808813,52,"https://gazette.legislation.nsw.gov.au/so/download.w3p?id=Gazette_2020_2020-49.pdf",2020-09-18,2020-09-18 02:56:19
"22",322,"R_1r7YggvxxMNwiBkEg",4697072,"new_entry","original",NA,NA,"On 20 March, Premier of NSW, Australia, announced the State Environmental Planning Policy Amendment (COVID-19 Response) 2020. This amendment would override pre-existing Council rules that restrict some stores from restocking their shelves and operating their loading docks outside regular business hours.",2020-03-20,2020-03-20,NA,"Australia","AUS","AU","Provincial",1,"New South Wales",NA,"Restriction and Regulation of Businesses","Supermarkets/grocery stores",NA,"This type of business (""Supermarkets/grocery stores"") is allowed to open with no conditions attached","Australia",NA,NA,"New South Wales",NA,NA,"All Residents (Citizen Residents + Foreign Residents)",NA,NA,"Mandatory (Unspecified/Implied)","Provincial/State Government",52.2564949957322,50.9096906194288,49.5216715948242,58,"https://www.nsw.gov.au/media-releases/new-rules-allow-supermarkets-to-receive-deliveries-24/7",2020-09-07,2020-09-07 02:35:33
"23",424,"R_PFFWotX0fbJYiEFDl",4236315,"new_entry","original",NA,NA,"On March 30, the NSW Government of Australia commenced the Public Health (COVID-19 Restrictions on Gathering and Movement) Order 2020 which detailed the closure ""information and education facilities"" which include museums, art galleries, exhibitions and visitor information centres.",2020-03-30,2020-03-31,2020-06-29,"Australia","AUS","AU","Provincial",1,"New South Wales",NA,"Restriction and Regulation of Government Services","Public libraries",NA,"This service is no longer provided by the government","Australia",NA,NA,"New South Wales",NA,NA,"All Residents (Citizen Residents + Foreign Residents)",NA,NA,"Mandatory (Unspecified/Implied)","Provincial/State Government",54.2245785815636,52.144609953989,50.5011549846213,67,"http://classic.austlii.edu.au/cgi-bin/sinodisp/au/legis/nsw/covid-19_orders/ph19rogamo2020587/ph19rogamo2020587.html?stem=0&synonyms=0&query=COVID-19%20Restrictions%20on%20Gathering%20and%20Movement%20Order%202020%20(NSW)",2020-09-10,2020-09-10 04:33:08
"24",431,"R_3HZZTtk4YSbbDb2NA",4060611,"new_entry","original",NA,NA,"On March 15, the NSW Government of Australia announced the Public Health (COVID-19 Public Events) Order 2020 which stipulates that  a person must not hold a public event at which there are, or are likely to be, 500 persons or more in attendance at any one time. Penalty: up to 6 months imprisonment or $11000 fine for individuals and up to $55000 for corporations.",2020-03-15,2020-03-16,2020-06-16,"Australia","AUS","AU","Provincial",1,"New South Wales",NA,"Restrictions of Mass Gatherings",NA,NA,NA,"Australia",NA,NA,"New South Wales",NA,NA,"All Residents (Citizen Residents + Foreign Residents)",NA,NA,"Mandatory with Legal Penalties (Jail Time),Mandatory with Fines","Provincial/State Government,Police",50.8586773557478,49.6858586019451,48.2842750806351,49,"https://gazette.legislation.nsw.gov.au/so/download.w3p?id=Gazette_2020_2020-48.pdf",2020-09-18,2020-09-18 02:49:31
"25",496,"R_2cd7O93ncJhHavXDy",5048388,"new_entry","correction",NA,NA,"On 18 May, the NSW Government of Australia announced the COVIDSafe Transport Plan. This plan includes recommendations for passengers to travel on public transport off-peak, more services and accurate passenger data to facilitate social distancing, and enforcement of physical distancing on trains, buses and ferries: ‘No dot, no spot’.",2020-05-18,2020-05-18,2020-07-01,"Australia","AUS","AU","Provincial",0,"New South Wales",NA,"Social Distancing","Restrictions on ridership of subways and trams",NA,NA,"Australia",NA,NA,"New South Wales",NA,NA,"All Residents (Citizen Residents + Foreign Residents)",NA,NA,"Mandatory (Unspecified/Implied)","Provincial/State Government,Other (Please specify in the text box)",NA,NA,NA,NA,"https://www.nsw.gov.au/media-releases/physical-distancing-on-transport-key-to-a-safe-pathway-back-to-work",2020-09-27,2020-09-27 04:05:58
"26",14,"R_3MrksT0INzVfJHSNA",4650800,"new_entry","correction",NA,NA,"On March 18, Northern Territory (province of Australia) declares Public Health Emergency for 5 days.",2020-03-18,2020-03-18,2021-01-21,"Australia","AUS","AU","Provincial",0,"Northern Territory",NA,"Declaration of Emergency",NA,NA,NA,"Australia",NA,NA,"Northern Territory",NA,NA,"All Residents (Citizen Residents + Foreign Residents)",NA,NA,"Mandatory (Unspecified/Implied)","Ministry/Department of Health,Provincial/State Government",51.4301755261499,50.3166966406656,49.1314367978553,56,NA,2020-11-28,2020-11-28 15:50:11
"27",49,"R_2zu3VuVq4iGWH6EEq",9994627,"new_entry","original",NA,NA,"15/07/2020: NT authorities has declared Greater Metropolitan Sydney a coronavirus hotspot ahead of border reopening.

This means that anyone travelling from Greater Metropolitan Sydney into the NT from July 17 will be required to complete 14 days of supervised quarantine at an authorised facility.

Note: Travellers transiting through Sydney Airport will not need to enter mandatory supervised quarantine upon arrival in the NT, as long as they do not leave the airport. Travellers from other parts of NSW will be able to travel freely within the NT from Friday.",2020-07-15,2020-07-15,NA,"Australia","AUS","AU","Provincial",0,"Northern Territory",NA,"External Border Restrictions","Travel History Form (e.g. documents where traveler has recently been)",NA,NA,"Australia","One or more geographical or administrative units within one or more countries",NA,"Greater Metropolitan Sydney_Northern Territory",NA,NA,"All (Travelers + Residents)","Inbound","All kinds of transport","Mandatory with Legal Penalties (Jail Time),Mandatory with Fines","Ministry/Department of Health,Provincial/State Government,Police",NA,NA,NA,NA,"https://www.abc.net.au/news/2020-07-15/nt-declares-nsw-sydney-coronavirus-hotspots-border-reopening/12456752",2020-09-08,2020-09-08 11:17:38
"28",57,"R_2YySIOxr4eOxcaONA",6421666,"new_entry","original",NA,NA,"28/05/2020: From June 15 2020, there will be mandatory coronavirus testing regime for all arrivals going into quarantine. This accompanies the transition to mandatory self-quarantine.

Arrivals will be tested for COVID-19 in the first 72 hours of their quarantine, and tested again in the final 72 hours of their quarantine. Ending their quarantine after 14 days will depend on returning two negative tests.

Police and Environmental Health Officers will be spot checking people at random points throughout their quarantine.",2020-05-28,2020-06-15,NA,"Australia","AUS","AU","Provincial",0,"Northern Territory",NA,"Health Monitoring",NA,NA,NA,"Australia",NA,NA,"Northern Territory",NA,NA,NA,NA,NA,"Mandatory with Legal Penalties (Jail Time),Mandatory with Fines","Ministry/Department of Health,Provincial/State Government,Police",NA,NA,NA,NA,"https://coronavirus.nt.gov.au/updates/items/changes-to-quarantine-arrangements-to-put-territorians-first",2020-09-08,2020-09-08 10:04:09
"29",132,"R_2E6qm8bX8GwuRElEt",8341933,"new_entry","original",NA,NA,"27/07/2020: NT Government will invest $20 million to boost NT Police Border Protection. The extra 131 police and support staff, and more resources to protect the NT’s borders, will help keep Territorians safe during the pandemic.",2020-07-27,2020-07-27,NA,"Australia","AUS","AU","Provincial",0,"Northern Territory",NA,"Health Resources","Unspecified Health Staff",NA,NA,"Australia",NA,NA,"Northern Territory",NA,NA,NA,NA,NA,"Voluntary/Recommended but No Penalties","Ministry/Department of Health,Provincial/State Government,Police",NA,NA,NA,NA,"http://newsroom.nt.gov.au/mediaRelease/33601",2020-09-14,2020-09-14 10:51:00
"30",189,"R_UK1rtFg80bTb5QdNA",1222789,"new_entry","original",NA,NA,"08/04/2020: NT Correctional Services has suspended visits and activities to protect prisoners and the broader community.

All social visits by family, friends and loved ones suspended from Wednesday 25 March 2020.

All Community Service Work Party activities suspended from Friday 27 March 2020.

All professional visits including legal support services suspended from Wednesday 1 April 2020.",2020-04-08,2020-03-25,2020-06-05,"Australia","AUS","AU","Provincial",0,"Northern Territory",NA,"Lockdown",NA,NA,NA,"Australia",NA,NA,"Northern Territory",NA,NA,NA,NA,NA,"Mandatory (Unspecified/Implied)","Ministry/Department of Justice,Provincial/State Government",53.1116408793534,51.9313802106496,50.6790645568261,73,"https://coronavirus.nt.gov.au/updates/items/2020-04-08-measures-to-protect-prisoners",2020-09-06,2020-09-06 10:39:21
"31",199,"R_1H7gMzFtdLPXs8zNA",1211926,"new_entry","original",NA,NA,"18.03. The Government of Northern Territory (Australia) installs COVID-19 remote community travel hotline for the state",2020-03-18,2020-03-18,NA,"Australia","AUS","AU","Provincial",1,"Northern Territory",NA,"New Task Force, Bureau or Administrative Configuration",NA,NA,NA,"Australia",NA,NA,"Northern Territory",NA,NA,"All Residents (Citizen Residents + Foreign Residents)",NA,NA,"Mandatory (Unspecified/Implied)","Provincial/State Government",51.4301755261499,50.3166966406656,49.1314367978553,56,"https://coronavirus.nt.gov.au/updates",2020-04-07,2020-04-07 08:59:11
"32",358,"R_2rH4zjfaOC0ZNEJCl",8221851,"new_entry","original",NA,NA,"25.03.2020 Parks and Wildlife Commission of Northern Territory (Australia) confirmed that Territory campgrounds, multi-day walks and high-use day areas that encourage groups to gather, will be closed from 5pm Thursday 26 March 2020.",2020-03-25,2020-03-26,NA,"Australia","AUS","AU","Provincial",1,"Northern Territory",NA,"Restriction and Regulation of Businesses","Other Businesses",NA,"This type of business  (""Other Businesses"") is closed/locked down","Australia",NA,NA,"Northern Territory",NA,NA,"All Residents (Citizen Residents + Foreign Residents)",NA,NA,"Mandatory (Unspecified/Implied)","Provincial/State Government",52.9799611308989,52.0218894081391,50.9530322435114,72,"https://coronavirus.nt.gov.au/updates",2020-04-11,2020-04-11 11:15:04
"33",420,"R_1NnsqBJCakgEsXwNA",948508,"new_entry","original",NA,NA,"25.03.2020 Chief Justice suspends all jury trials until June 5 in Northern Territory (Australia).",2020-03-25,2020-03-25,2020-06-05,"Australia","AUS","AU","Provincial",1,"Northern Territory",NA,"Restriction and Regulation of Government Services",NA,NA,"This service is no longer provided by the government","Australia",NA,NA,"Northern Territory",NA,NA,"All Residents (Citizen Residents + Foreign Residents)",NA,NA,"Mandatory (Unspecified/Implied)","Provincial/State Government",53.1116408793534,51.9313802106496,50.6790645568261,73,"https://coronavirus.nt.gov.au/updates",2020-04-11,2020-04-11 11:11:31
"34",432,"R_1JRx8mACrZLxYX6NA",5194790,"new_entry","original",NA,NA,"16.03.2020: The government of Northern Territory (Australia) prohibits mass gatherings of more than 500 people within the state.",2020-03-16,2020-03-16,NA,"Australia","AUS","AU","Provincial",1,"Northern Territory",NA,"Restrictions of Mass Gatherings",NA,NA,NA,"Australia",NA,NA,"Northern Territory",NA,NA,"All Residents (Citizen Residents + Foreign Residents)",NA,NA,"Mandatory (Unspecified/Implied)","Provincial/State Government",50.8586773557478,49.6858586019451,48.2842750806351,49,"https://coronavirus.nt.gov.au/updates",2020-04-07,2020-04-07 08:55:52
"35",490,"R_3KOf3UInJ2Ez8UHNA",1831969,"new_entry","original",NA,NA,"Northern Territory (province of Australia) Correctional Services is suspending all social visits to prisoners from Wednesday 25 March 2020",2020-03-24,2020-03-25,NA,"Australia","AUS","AU","Provincial",1,"Northern Territory",NA,"Social Distancing",NA,NA,NA,"Australia",NA,NA,"Northern Territory",NA,NA,"All Residents (Citizen Residents + Foreign Residents)",NA,NA,"Mandatory (Unspecified/Implied)","Provincial/State Government",53.1116408793534,51.9313802106496,50.6790645568261,73,"https://coronavirus.nt.gov.au/updates",2020-04-11,2020-04-11 11:08:58
"36",7,"R_3PvNT5G4xJBTSO7NA",4531517,"new_entry","original",NA,NA,"In Queensland, Australia, on January 29th ""the Minister for Health and Minister for Ambulance Services, the Honourable Dr Steven Miles, declared a public health emergency in Queensland in response to the COVID-19 virus outbreak"".",2020-01-29,2020-01-29,2020-12-31,"Australia","AUS","AU","Provincial",1,"Queensland",NA,"Declaration of Emergency",NA,NA,NA,"Australia",NA,NA,"Queensland",NA,NA,"All Residents (Citizen Residents + Foreign Residents)",NA,NA,"Mandatory (Unspecified/Implied)","Ministry/Department of Health,Provincial/State Government,Other (Please specify in the text box)",50.1246877081282,48.1373749022592,45.5494858342087,154,"https://www.health.qld.gov.au/clinical-practice/guidelines-procedures/clinical-staff/mental-health/act/public-health-emergency-covid-19",2020-06-28,2020-06-28 17:35:08
"37",33,"R_1o11t1eL7IJYUIZCm",2568387,"new_entry","original",NA,NA,"On March 10, officials in Queensland, Australia decided all official overseas travel to international destinations other than New Zealand by state school students and staff would be halted until further notice.",2020-03-10,2020-03-10,NA,"Australia","AUS","AU","Provincial",0,"Queensland",NA,"External Border Restrictions","Other External Border Restriction",NA,NA,"Australia","One or more geographical or administrative units within one or more countries",NA,"Queensland",NA,NA,"Citizen Residents","Outbound","All kinds of transport","Mandatory (Unspecified/Implied)","Ministry/Department of Health,Provincial/State Government",52.0180293445182,49.4985701955436,46.7849121008561,65,"http://statements.qld.gov.au/Statement/2020/3/10/international-travel-ban-for-state-school-teachers-and-students",2020-06-25,2020-06-25 15:57:49
"38",53,"R_3LckalXccGTmEzBNA",1444651,"new_entry","original",NA,NA,"On February 29 Queensland Health issued a coronavirus contact tracing alert and will be contacting customers of Hair Plus at Australia Fair, Southport. Anyone who attended Hair Plus at Australia Fair from 11am onwards on Thursday 27 February is advised to go to the Gold Coast University Hospital.",2020-02-29,2020-02-29,NA,"Australia","AUS","AU","Provincial",0,"Queensland",NA,"Health Monitoring",NA,NA,NA,"Australia",NA,NA,"Queensland",NA,NA,NA,NA,NA,"Voluntary/Recommended but No Penalties","Ministry/Department of Health,Provincial/State Government",52.8958970550017,49.1212847957678,44.7474536402559,92,"https://www.health.qld.gov.au/news-events/doh-media-releases/releases/queensland-coronavirus-update11",2020-06-24,2020-06-24 17:20:05
"39",58,"R_10BOfXPXosvLoNiCc",313076,"new_entry","original",NA,NA,"Queensland, Australia is improving their health resources as of March 2nd by spending $25 million worth on medicines, gloves and masks.",2020-03-02,2020-03-02,NA,"Australia","AUS","AU","Provincial",0,"Queensland",NA,"Health Resources","Masks",NA,NA,"Australia",NA,NA,"Queensland",NA,NA,NA,NA,NA,"Mandatory (Unspecified/Implied)","Ministry/Department of Health,Provincial/State Government",52.1565354944615,49.4336644215172,45.4123728382563,99,"http://statements.qld.gov.au/Statement/2020/3/2/queensland-boosts-coronavirus-measures",2020-06-24,2020-06-24 20:23:48
"40",166,"R_1Cx0KZnD0R1PsmQBr",1540207,"new_entry","original",NA,NA,"The Electoral Commission of Queensland, Australia is required to ensure that both the local and state elections ""provide hygiene facilities for the use of staff, contractors and voters, including the availability of hand sanitizer at all polling booths, encourage voters to bring their own pen or pencil to the election, to take their own pen or pencil with them after voting and not share pens or pencils with other voters"". Additionally all surfaces and tables will be continually wiped throughout election day. This order starts on March 22nd and continues ""until the results of the local government election and State by-elections have been declared by the Electoral Commission of Queensland"".",2020-03-22,2020-03-22,NA,"Australia","AUS","AU","Provincial",0,"Queensland",NA,"Hygiene","Hygiene measures for public areas",NA,NA,"Australia",NA,NA,"Queensland",NA,NA,NA,NA,NA,"Mandatory with Fines","Ministry/Department of Health,Provincial/State Government,Municipal Government,Police",52.7511788898364,51.338356128617,50.1836764715713,61,"https://www.health.qld.gov.au/system-governance/legislation/cho-public-health-directions-under-expanded-public-health-act-powers/revoked/local-government-election-and-state-by-elections-1 ; https://www.abc.net.au/news/2020-03-16/council-elections-your-guide-how-to-vote/11998838",2020-07-20,2020-07-20 16:23:04
"41",180,"R_2EErOSl9mECUlhxNA",4577640,"new_entry","original",NA,NA,"On march 25 the border of Queensland, Australia would only remain open to freight and essential travel after announcing the restrictions on border crossings with the hopes of preventing travelers from New South Wales and Victoria.",2020-03-23,2020-03-25,NA,"Australia","AUS","AU","Provincial",1,"Queensland",NA,"Internal Border Restrictions",NA,NA,NA,"Australia","One or more geographical or administrative units within one or more countries",NA,"Victoria; New South Wales_Queensland",NA,NA,"All Residents (Citizen Residents + Foreign Residents)",NA,NA,"Mandatory (Unspecified/Implied)","Provincial/State Government",53.1116408793534,51.9313802106496,50.6790645568261,73,"https://www.abc.net.au/news/2020-03-24/coronavirus-queensland-state-border-closure/12081694 ; https://www.abc.net.au/news/2020-03-26/coronavirus-traffic-banks-up-as-queensland-closes-border/12089556",2020-06-22,2020-06-22 17:27:36
"42",185,"R_SQaCGhwkDlheZjzNA",5814484,"new_entry","original",NA,NA,"On February 1 in Australia the Queensland government has compiled the contact details of the parents of the 3,760 Queenslanders under 18 years old who have recently returned from China, including Hong Kong. The Queensland government sent a text message advising that these children should not attend school, childcare or TAFE until 14 days after the date of their departure from China (including Hong Kong).",2020-02-01,2020-02-01,2020-02-15,"Australia","AUS","AU","Provincial",0,"Queensland",NA,"Lockdown",NA,NA,NA,"Australia",NA,NA,"Queensland",NA,NA,NA,NA,NA,"Voluntary/Recommended but No Penalties","Provincial/State Government",50.2993070679966,48.0593312569839,46.0839344776872,138,"https://www.health.qld.gov.au/news-events/doh-media-releases/releases/health-advice-for-under-18s-recently-returned-from-china",2020-06-24,2020-06-24 16:16:55
"43",203,"R_9sE8t08NyPF7M2ZCg",3126988,"new_entry","original",NA,NA,"Minister for Communities Coralee O’Rourke in Queensland, Australia  announced on March 21st that ""Queenslanders in home quarantine as a result of COVID-19 will be able to access advice, information and support through the Queensland Government’s Community Recovery Hotline. 'Our staff will be able to work with partner organizations to arrange non-contact delivery of essential food and medication to people in quarantine who have no other means of support.The Community Recovery Hotline may also be used by people who chose to self-isolate to ask for social and emotional telephone support'. """,2020-03-21,2020-03-21,NA,"Australia","AUS","AU","Provincial",1,"Queensland",NA,"New Task Force, Bureau or Administrative Configuration","New Task Force or Bureau (i.e. establishment of a temporary body)",NA,NA,"Australia",NA,NA,"Queensland",NA,NA,"All Residents (Citizen Residents + Foreign Residents)",NA,NA,"Mandatory (Unspecified/Implied)","Provincial/State Government,Other (Please specify in the text box)",52.4156201288833,51.1091233307214,49.7035336952101,57,"http://statements.qld.gov.au/Statement/2020/3/21/support-hotline-opens-for-vulnerable-queenslanders-in-covid19-quarantine",2020-06-27,2020-06-27 16:16:13
"44",285,"R_22QzDe2qtLA9VSxCw",1026838,"new_entry","original",NA,NA,"In Queensland, Australia a person cannot enter a residential aged care facility as of March 21st until the end of the declared public health emergency unless the person is an employee, providing necessary goods or services, providing health services, only staying for 2 hours or less and is providing care and support, providing end of life support, providing emergency management, or a prospective resident. A person who has been out of Australia for less than 14 days, has had contact within the last 14 days with someone with Covid-19, has symptoms, doesn't have an up to date vaccination against influenza, or is under 16 and not there for end of life purposes is not allowed to enter. This doesn't apply to residents. Residents cannot leave the facility except if they need access to health care or there is an emergency.",2020-03-21,2020-03-21,NA,"Australia","AUS","AU","Provincial",0,"Queensland",NA,"Quarantine","Other Quarantine",NA,NA,"Australia",NA,NA,"Queensland",NA,NA,NA,NA,NA,"Mandatory with Legal Penalties (Jail Time),Mandatory with Fines","Ministry/Department of Health,Provincial/State Government,Police",52.4156201288833,51.1091233307214,49.7035336952101,57,"https://www.health.qld.gov.au/system-governance/legislation/cho-public-health-directions-under-expanded-public-health-act-powers/revoked/aged-care-1",2020-07-06,2020-07-06 19:06:04
"45",320,"R_4JD09UcHzBjDJ0BDv",912489,"new_entry","original",NA,NA,"On March 19th in Queensland, Australia a policy ""to enable owners or operators of businesses to open the business outside the hours allowable pursuant to the Trading (Allowable Hours) Act 1990, or limit access to the business"" was passed. For example ""an owner or operator of a business used predominantly for the sale of food or groceries or both, is permitted to open the business from 7am on a day the shop is permitted to trade, to enable people to obtain essential groceries, between 19 March 2020 and the end of the COVID-19 emergency"". Additionally, ""During the period for which recommendation 1 applies, an owner or operator of a business used predominantly for the sale of food or groceries or both, is permitted to limit access to the business to persons or certain classes of persons, for example customers holding a pensioner concession card, so that person can purchase essential grocery items in way that upholds the health and safety of that person or class of persons"".",2020-03-19,2020-03-19,2020-05-19,"Australia","AUS","AU","Provincial",1,"Queensland",NA,"Restriction and Regulation of Businesses","Restaurants",NA,"This type of business (""Restaurants"") is allowed to open with no conditions attached","Australia",NA,NA,"Queensland",NA,NA,"All Residents (Citizen Residents + Foreign Residents)",NA,NA,"Voluntary/Recommended but No Penalties","Provincial/State Government",51.8152048083278,50.6252021481097,49.1761889601873,57,"https://www.health.qld.gov.au/system-governance/legislation/cho-public-health-directions-under-expanded-public-health-act-powers/revoked/trading-hours-1",2020-07-06,2020-07-06 16:22:53
"46",418,"R_p6PYQftm9r8BBDPAy",9738776,"new_entry","original",NA,NA,"In Queensland, Australia ""for the first time, voting will be offered on Saturday, 21 March as well as on election day, Saturday, 28 March between 9am and 5pm"" with the hopes of reducing mass gatherings"".",2020-03-19,2020-03-21,NA,"Australia","AUS","AU","Provincial",1,"Queensland",NA,"Restriction and Regulation of Government Services","Election procedures (e.g. mail-in voting)",NA,"This service provided by the government is provided with no conditions attached","Australia",NA,NA,"Queensland",NA,NA,"All Residents (Citizen Residents + Foreign Residents)",NA,NA,"Voluntary/Recommended but No Penalties","Ministry/Department of Health,Provincial/State Government",52.4156201288833,51.1091233307214,49.7035336952101,57,"http://statements.qld.gov.au/Statement/2020/3/19/unique-measures-create-flexibility-during-local-government-elections",2020-06-26,2020-06-26 13:20:30
"47",438,"R_3kuGLzwsm4vL0YmAp",2433052,"new_entry","correction",NA,NA,"Non-essential indoor gatherings of 100 people or more will be banned by the Chief Health Officer in Queensland, Australia on March 19th. ""This will affect entertainment venues, function centers, pubs and clubs and large restaurants. It will not affect airports, public transport, medical facilities, emergency services, aged care, prisons, courts, our parliament, supermarkets, offices, schools, universities or construction sites"".",2020-03-18,2020-03-19,NA,"Australia","AUS","AU","Provincial",0,"Queensland",NA,"Restrictions of Mass Gatherings","Cancellation of a recreational or commercial event",NA,NA,"Australia",NA,NA,"Queensland",NA,NA,"All Residents (Citizen Residents + Foreign Residents)",NA,NA,"Mandatory with Fines","Ministry/Department of Health,Provincial/State Government,Police",51.8152048083278,50.6252021481097,49.1761889601873,57,NA,2020-07-06,2020-07-06 15:03:24
"48",483,"R_0D3ujyX3xM9SlHjBx",4463187,"new_entry","original",NA,NA,"In Queensland, Australia on March 18th Dr Jeannette Young, Queensland Health’s Chief Health Officer, advised ""people to observe social distancing practices as much as possible and be 1.5 meters apart wherever that is practicable to limit the spread of the virus"".",2020-03-18,2020-03-18,NA,"Australia","AUS","AU","Provincial",1,"Queensland",NA,"Social Distancing","Keeping a distance of at least 6 feet or 1.5 meters apart",NA,NA,"Australia",NA,NA,"Queensland",NA,NA,"All Residents (Citizen Residents + Foreign Residents)",NA,NA,"Voluntary/Recommended but No Penalties","Ministry/Department of Health,Provincial/State Government",51.4301755261499,50.3166966406656,49.1314367978553,56,"ents.qld.gov.au/Statement/2020/3/18/new-laws-to-slow-down-the-spread-of-covid19",2020-06-26,2020-06-26 00:25:42
"49",8,"R_3CJFJ3IZIoAn9sCNA",6548819,"new_entry","original",NA,NA,"On the 15th of March the Chief Executive for the South Australian Department of Health and Wellbeing declared a public health emergency in relation to the transmission of Covid-19.",2020-03-15,2020-03-15,2020-03-29,"Australia","AUS","AU","Provincial",1,"South Australia",NA,"Declaration of Emergency",NA,NA,NA,"Australia",NA,NA,"South Australia",NA,NA,"All Residents (Citizen Residents + Foreign Residents)",NA,NA,"Mandatory (Unspecified/Implied)","Ministry/Department of Health,Provincial/State Government",51.3438092231602,49.6875127033522,47.7261001928612,52,"https://legislation.sa.gov.au/web/information/CV19/PHA-CEASED/Declaration%20of%20a%20Public%20Health%20Emergency_15.3.2020-29.3.2020_CEASED.pdf",2020-12-03,2020-12-03 08:34:57
"50",55,"R_d6Wjy0GXeMwEA8NNA",5988809,"new_entry","original",NA,NA,"15.04.2020: South Australia to largely expand testing criteria for a period of 2 weeks.",2020-04-15,2020-04-16,NA,"Australia","AUS","AU","Provincial",1,"South Australia",NA,"Health Monitoring",NA,NA,NA,"Australia","One or more geographical or administrative units within one or more countries",NA,"South Australia_South Australia",NA,NA,"All Residents (Citizen Residents + Foreign Residents)",NA,"Not Applicable","Voluntary/Recommended but No Penalties","Ministry/Department of Health,Provincial/State Government",57.4310097146064,52.3240225340897,47.0485660933398,69,"https://www.covid-19.sa.gov.au/latest-news/testing-blitz-for-sa",2020-04-24,2020-04-24 15:32:27
"51",79,"R_2xzcZPvSEeGu3skCo",5592385,"new_entry","original",NA,NA,"The state government of South Australia is moving to better protect health workers and their families during the Coronavirus pandemic by establishing a health hotel for frontline staff.",2020-03-25,2020-03-25,NA,"Australia","AUS","AU","Provincial",0,"South Australia",NA,"Health Resources","Other Health Infrastructure",NA,NA,"Australia",NA,NA,"South Australia",NA,NA,NA,NA,NA,"Voluntary/Recommended but No Penalties","Provincial/State Government",53.1116408793534,51.9313802106496,50.6790645568261,73,"https://www.covid-19.sa.gov.au/latest-news/health-heroes-hospital",2020-06-28,2020-06-28 01:29:36
"52",151,"R_OPDZ35EBJ7YgiJzNA",899424,"new_entry","correction",NA,NA,"February 6th. 2020: South Australia declares COVID-19 a controlled notifiable condition. Novel coronavirus testing will become part of routine respiratory infection testing, resulting in a more efficient and streamlined process for GPs. While it will result in more South Australians being tested, it will mean more people will be able to rule out any links to novel coronavirus.",2020-02-05,2020-02-06,NA,"Australia","AUS","AU","Provincial",0,"South Australia",NA,"Health Testing",NA,NA,NA,"Australia","One or more geographical or administrative units within one or more countries",NA,"South Australia",NA,NA,"All Residents (Citizen Residents +Foreign Residents)",NA,"Not Applicable","Mandatory (Unspecified/Implied)","Ministry/Department of Health,Provincial/State Government",51.3203253338813,48.4373342635196,45.2281696530229,137,NA,2020-06-18,2020-06-18 14:50:50
"53",174,"R_2SHzZjeAApgax2mBq",1383283,"new_entry","original",NA,NA,"On the 21st of August, South Australia requires a COVID Marshal to promote hygiene and social distancing as well as ensure other policies are implemented and monitored.",2020-08-19,2020-09-21,NA,"Australia","AUS","AU","Provincial",0,"South Australia",NA,"Hygiene","Hygiene measures for commercial areas",NA,NA,"Australia",NA,NA,"South Australia",NA,NA,NA,NA,NA,"Voluntary/Recommended but No Penalties","Provincial/State Government",NA,NA,NA,NA,"https://www.covid-19.sa.gov.au/business-and-work/covid-marshals",2020-09-04,2020-09-04 15:08:59
"54",183,"R_DAizXETlZ60PNpTNA",6761627,"new_entry","original",NA,NA,"From the 27th May 2020, the South Australian government requires anyone wishing to enter a designated community (i.e. aboriginal communities) to self-isolate for 14 days before they can do so. This includes residents of those communities.",2020-05-27,2020-05-27,2020-07-09,"Australia","AUS","AU","Provincial",1,"South Australia",NA,"Internal Border Restrictions",NA,NA,NA,"Australia",NA,NA,"South Australia",NA,NA,"All Residents (Citizen Residents + Foreign Residents)",NA,NA,"Mandatory (Unspecified/Implied)","Provincial/State Government,Police",NA,NA,NA,NA,"https://www.premier.sa.gov.au/news/media-releases/news/travel-restrictions-for-south-australias-remote-areas ; https://www.covid-19.sa.gov.au/restrictions-and-responsibilities/restrictions-on-movement-into-aboriginal-communities2",2020-09-21,2020-09-21 13:55:26
"55",187,"R_3ht2PBKWC41ArY9NA",7248141,"new_entry","original",NA,NA,"From the 23rd of March, South Australia recommended that residents stay home and avoid all non-essential movement.",2020-03-22,2020-03-23,2020-06-01,"Australia","AUS","AU","Provincial",0,"South Australia",NA,"Lockdown",NA,NA,NA,"Australia",NA,NA,"South Australia",NA,NA,NA,NA,NA,"Voluntary/Recommended but No Penalties","Provincial/State Government",52.5846622043564,51.62199425634,50.5668693379512,65,"https://www.adelaidenow.com.au/news/south-australia/premier-steven-marshall-moves-to-isolate-sa-as-coronavirus-surges/news-story/7af5d4533d115f18f6e9eefe67410f50 ; https://www.abc.net.au/news/2020-05-25/coronavirus-restrictions-eased-in-your-state-territory-this-week/12281004",2020-10-12,2020-10-12 14:11:28
"56",202,"R_3kt8cPV5N9v72vbCg",1650025,"new_entry","original",NA,NA,"In South Australia, Australia: The Marshall Liberal Government, on 20/03/2020, launched a multi-agency COVID-19 Command Centre to coordinate its whole-of-government response to the coronavirus pandemic. Premier Steven Marshall said the launch was part of the Government’s clear and strong plan to tackle the spread of the coronavirus and protect the health of South Australians.",2020-03-20,2020-03-20,NA,"Australia","AUS","AU","Provincial",1,"South Australia",NA,"New Task Force, Bureau or Administrative Configuration","New Task Force or Bureau (i.e. establishment of a temporary body)",NA,NA,"Australia",NA,NA,"South Australia",NA,NA,"All Residents (Citizen Residents + Foreign Residents)",NA,NA,"Mandatory (Unspecified/Implied)","Ministry/Department of Health,Provincial/State Government,Police,New (COVID-19 specific) Task Force",52.2564949957322,50.9096906194288,49.5216715948242,58,"https://www.premier.sa.gov.au/news/media-releases/news/covid-19-command-centre-launched",2020-07-04,2020-07-04 03:23:16
"57",225,"R_3sBMPZRnpYJklR0NA",357683,"new_entry","correction",NA,NA,"In South Australia, Australia: The State Government has stepped up measures to protect South Australians during the coronavirus pandemic by introducing heavy on-the-spot fines for individuals and businesses flouting directions from the Police Commissioner under the Emergency Management Act.",2020-03-28,2020-03-28,NA,"Australia","AUS","AU","Provincial",0,"South Australia",NA,"Other Policy Not Listed Above",NA,"The policy is to provide enforcement to other social distancing policies by allowing police greater powers.",NA,"Australia",NA,NA,"South Australia",NA,NA,"All Residents (Citizen Residents + Foreign Residents)",NA,NA,"Mandatory with Fines","Provincial/State Government,Police",53.1530870709266,52.1922683536548,51.2814607303396,74,"https://www.premier.sa.gov.au/news/media-releases/news/new-process-to-control-spread-of-covid-19",2020-10-16,2020-10-16 09:33:02
"58",237,"R_2scGqwEKHBrziJvAu",9013235,"new_entry","original",NA,NA,"From the 4th of February, SA Health translated various posters and info-graphics into different languages for a public awareness campaign for people who speak english as a second language.",2020-02-04,2020-02-04,NA,"Australia","AUS","AU","Provincial",0,"South Australia",NA,"Public Awareness Measures","Disseminating information related to COVID-19 to the public that is reliable and factually accurate",NA,NA,"Australia",NA,NA,"South Australia",NA,NA,NA,NA,NA,"Voluntary/Recommended but No Penalties","Ministry/Department of Health,Provincial/State Government",51.1698189484759,48.3084858507153,45.5440127188336,141,"https://www.sahealth.sa.gov.au/wps/wcm/connect/public+content/sa+health+internet/conditions/infectious+diseases/covid-19/about+covid-19/help+and+advice/translated+covid-19+resources?mr-sort=title-asc&mr-pg=1",2020-10-15,2020-10-15 13:56:48
"59",323,"R_30xi8WL9dBbmWJjCl",2542154,"new_entry","original",NA,NA,"On the 22nd of March 2020, the South Australian government issued directions limiting visits to residential aged care facilities. As a restriction to business, this policy allowed only employees of aged care facilities, other persons providing medical services, or 1-2 persons visiting for care and support reasons.",2020-03-22,2020-03-22,2020-03-28,"Australia","AUS","AU","Provincial",1,"South Australia",NA,"Restriction and Regulation of Businesses","Other Businesses",NA,"This type of business  (""Other Businesses"") is allowed to open with conditions","Australia",NA,NA,"South Australia",NA,NA,"All Residents (Citizen Residents + Foreign Residents)",NA,NA,"Mandatory with Fines","Ministry/Department of Health,Provincial/State Government",52.7511788898364,51.338356128617,50.1836764715713,61,"https://legislation.sa.gov.au/web/information/CV19/PHA-CEASED/Visitors%20to%20Residential%20Aged%20Care%20Centres_22.3.2020_CEASED.pdf",2020-12-01,2020-12-01 14:45:04
"60",450,"R_3hEE5NkwdGkfn6jNA",5442485,"new_entry","original",NA,NA,"27.03.2020 South Australia prohibits gatherings of more than 10 people",2020-03-27,2020-03-27,NA,"Australia","AUS","AU","Provincial",1,"South Australia",NA,"Restrictions of Mass Gatherings",NA,NA,NA,"Australia",NA,NA,"South Australia",NA,NA,"All Residents (Citizen Residents + Foreign Residents)",NA,NA,"Mandatory (Unspecified/Implied)","Provincial/State Government",53.180575007214,52.0587904945294,51.0735159691716,74,"https://www.police.sa.gov.au/sa-police-news-assets/front-page-news/prohibited-gatherings-of-people-in-south-australia-new-declaration-covid-19#.XomiqC_5z-Y",2020-04-05,2020-04-05 09:53:16
"61",486,"R_Ti3aTcNVNkGQvjrBx",4027439,"new_entry","original",NA,NA,"From the 20th of March 2020, the South Australian government required all indoor gatherings of less than 100 people to have 1 person per 4 square metres to allow social distancing.",2020-03-20,2020-03-20,NA,"Australia","AUS","AU","Provincial",1,"South Australia",NA,"Social Distancing","Keeping a distance of at least 6 feet or 1.5 meters apart",NA,NA,"Australia",NA,NA,"South Australia",NA,NA,"All Residents (Citizen Residents + Foreign Residents)",NA,NA,"Mandatory (Unspecified/Implied)","Ministry/Department of Health,Provincial/State Government,Police",52.2564949957322,50.9096906194288,49.5216715948242,58,"https://www.sahealth.sa.gov.au/wps/wcm/connect/a49d8058-2563-4280-aef7-7a630613d3f7/SA+Health+COVID19+-+Update+2+-+200320.pdf?MOD=AJPERES&CACHEID=ROOTWORKSPACE-a49d8058-2563-4280-aef7-7a630613d3f7-nkFPMC5",2020-10-16,2020-10-16 09:26:22
"62",13,"R_2ziiYKjohFIKsGYNA",8990133,"new_entry","original",NA,NA,"On March 17, the Director of Public Health has declared a Public Health Emergency for Tasmania",2020-03-17,2020-03-17,NA,"Australia","AUS","AU","Provincial",1,"Tasmania",NA,"Declaration of Emergency",NA,NA,NA,"Australia",NA,NA,"Tasmania",NA,NA,"All Residents (Citizen Residents + Foreign Residents)",NA,NA,"Mandatory (Unspecified/Implied)","Ministry/Department of Health,Provincial/State Government",51.3344528545897,49.9871515023681,48.5353126808813,52,"https://www.dhhs.tas.gov.au/news/2020/public_health_emergency_for_tasmania_declared_-_17_march_2020",2020-04-06,2020-04-06 08:57:06
"63",34,"R_3QKpRTGCbNC88gANA",9700836,"new_entry","original",NA,NA,"On March 15 2020, the Tasmanian premier minister bans all cruise ships from arriving in Tasmanian ports",2020-03-15,2020-03-15,NA,"Australia","AUS","AU","Provincial",0,"Tasmania",NA,"External Border Restrictions",NA,NA,NA,"Australia","One or more geographical or administrative units within one or more countries",NA,"Tasmania_Tasmania",NA,NA,"All Travelers (Citizen Travelers + Foreign Travelers )","Inbound","Cruises","Mandatory (Unspecified/Implied)","Provincial/State Government",51.3438092231602,49.6875127033522,47.7261001928612,52,"https://www.dhhs.tas.gov.au/news/2020/additional_measures_to_ensure_the_safety_and_wellbeing_of_tasmanians",2020-04-06,2020-04-06 08:43:39
"64",95,"R_1pF3HGjss78JEmQEs",1714095,"new_entry","original",NA,NA,"On 3rd of April, Tasmania announces to invest 5 Mio. $ to support Tasmanian GPs and pharmacies",2020-04-03,2020-04-03,NA,"Australia","AUS","AU","Provincial",1,"Tasmania",NA,"Health Resources","Unspecified Health Materials",NA,NA,"Australia","One or more geographical or administrative units within one or more countries",NA,"Tasmania_Tasmania",NA,NA,"All Residents (Citizen Residents + Foreign Residents)",NA,"Not Applicable","Voluntary/Recommended but No Penalties","Provincial/State Government",54.5190427627318,52.2779696166558,50.294124526545,69,"https://www.coronavirus.tas.gov.au/media-releases/government-backs-tasmanian-gps-and-pharmacies",2020-04-06,2020-04-06 08:07:06
"65",179,"R_QhPzGRRrU2teVklNA",1338851,"new_entry","original",NA,NA,"In Tasmania, Australia: Aeroplanes and aircrafts that commence their flight outside of Tasmania are prohibited from landing on private airstrips in the state. Do not travel to Tasmania unless you are returning home or you are an essential traveler. If you are returning home from interstate, you cannot fly into a private airstrip. If you are a Tasmanian returning home via the Spirit of Tasmania or on a commercial flight, you must self-isolate for 14 days.",2020-03-25,2020-03-25,NA,"Australia","AUS","AU","Provincial",1,"Tasmania",NA,"Internal Border Restrictions",NA,NA,NA,"Australia","One or more geographical or administrative units within one or more countries",NA,"Tasmania",NA,NA,"All Residents (Citizen Residents + Foreign Residents)",NA,NA,"Mandatory (Unspecified/Implied)","Other (Please specify in the text box)",53.1116408793534,51.9313802106496,50.6790645568261,73,"https://coronavirus.tas.gov.au/media-releases/private-airstrips-closed-to-interstate-aircrafts",2020-07-02,2020-07-02 03:32:26
"66",208,"R_278qZ8tkvsrZQGaNA",8273738,"new_entry","original",NA,NA,"On April 4, the Tasmanian Government (province of Australia) announced a new senior position within the Health Emergency Coordination Centre has commenced to secure supplies of Person Protection Equipment",2020-04-03,2020-04-03,NA,"Australia","AUS","AU","Provincial",1,"Tasmania",NA,"New Task Force, Bureau or Administrative Configuration",NA,NA,NA,"Australia",NA,NA,"Tasmania",NA,NA,"All Residents (Citizen Residents + Foreign Residents)",NA,NA,"Mandatory (Unspecified/Implied)","Ministry/Department of Health,Provincial/State Government",54.5190427627318,52.2779696166558,50.294124526545,69,"https://www.coronavirus.tas.gov.au/media-releases/more-ppe-heading-to-tasmania",2020-04-06,2020-04-06 08:13:25
"67",288,"R_1QGCtkrPttnrsgTEd",852952,"new_entry","original",NA,NA,"The government of Tasmania decides that form March 25 onwards all non-essential travelers are required to self-quarantine for 14 days",2020-03-25,2020-03-25,NA,"Australia","AUS","AU","Provincial",1,"Tasmania",NA,"Quarantine","Self-Quarantine (i.e. quarantine at home)",NA,NA,"Australia","One or more geographical or administrative units within one or more countries",NA,"Tasmania_Tasmania",NA,NA,"All Residents (Citizen Residents + Foreign Residents)","Inbound","All kinds of transport","Mandatory (Unspecified/Implied)","Provincial/State Government",53.1116408793534,51.9313802106496,50.6790645568261,73,"https://www.coronavirus.tas.gov.au/media-releases/additional-coronavirus-management-measures",2020-04-05,2020-04-05 16:38:44
"68",344,"R_2SCid5zHs1kPakLEb",9716056,"new_entry","original",NA,NA,"From March 25 onwards, the Government of Tasmania closes non-essential businesses",2020-03-25,2020-03-25,NA,"Australia","AUS","AU","Provincial",1,"Tasmania",NA,"Restriction and Regulation of Businesses","Retail Businesses",NA,"This type of business  (""Retail Businesses"") is closed/locked down","Australia",NA,NA,"Tasmania",NA,NA,"All Residents (Citizen Residents + Foreign Residents)",NA,NA,"Mandatory (Unspecified/Implied)","Provincial/State Government",53.1116408793534,51.9313802106496,50.6790645568261,73,"https://www.coronavirus.tas.gov.au/media-releases/additional-coronavirus-management-measures",2020-04-05,2020-04-05 16:42:25
"69",419,"R_2sZ3nJe2jlFMCe3Dl",3132734,"new_entry","original",NA,NA,"Tasmania, Australia: Libraries Tasmania public premises will temporarily close from Wednesday, 25 March 2020 until further notice.",2020-03-23,2020-03-23,NA,"Australia","AUS","AU","Provincial",1,"Tasmania",NA,"Restriction and Regulation of Government Services","Public libraries",NA,"This service provided by the government is provided with no conditions attached","Australia",NA,NA,"Tasmania",NA,NA,"All Residents (Citizen Residents + Foreign Residents)",NA,NA,"Mandatory (Unspecified/Implied)","Other (Please specify in the text box)",52.5846622043564,51.62199425634,50.5668693379512,65,"https://coronavirus.tas.gov.au/media-releases/libraries-tasmania-temporary-closure",2020-07-02,2020-07-02 03:21:05
"70",436,"R_2OVjh6KI5fVUUiKNA",9482658,"new_entry","original",NA,NA,"On March 18, the Tasmanian government (State of Australia) announces, indoor gatherings of more than 100 people will no longer be permitted.",2020-03-18,2020-03-18,NA,"Australia","AUS","AU","Provincial",1,"Tasmania",NA,"Restrictions of Mass Gatherings",NA,NA,NA,"Australia",NA,NA,"Tasmania",NA,NA,"All Residents (Citizen Residents + Foreign Residents)",NA,NA,"Mandatory (Unspecified/Implied)","Provincial/State Government",51.4301755261499,50.3166966406656,49.1314367978553,56,"http://www.premier.tas.gov.au/releases/patron_restrictions_for_indoor_venues",2020-04-06,2020-04-06 08:29:12
"71",482,"R_2q8fxO4LUgFS7qkNA",8999379,"new_entry","original",NA,NA,"On March 15 the Tasmanian premier minister urges all Tasmanians to follow the rules of social distancing",2020-03-15,2020-03-15,NA,"Australia","AUS","AU","Provincial",1,"Tasmania",NA,"Social Distancing",NA,NA,NA,"Australia",NA,NA,"Tasmania",NA,NA,"All Residents (Citizen Residents + Foreign Residents)",NA,NA,"Voluntary/Recommended but No Penalties","Provincial/State Government",51.3438092231602,49.6875127033522,47.7261001928612,52,"https://www.dhhs.tas.gov.au/news/2020/additional_measures_to_ensure_the_safety_and_wellbeing_of_tasmanians",2020-04-06,2020-04-06 08:40:12
"72",9,"R_ueQJlbS0gQVZ9h7NA",2841861,"new_entry","original",NA,NA,"On 16 March 2020 from 12:00pm (Midday), under section 198(1) of the Public Health and Wellbeing Act 2008 (Vic), the Victorian Minister for Health made a declaration of a state of emergency throughout the State of Victoria arising out of the serious risk to public health in Victoria from COVID-19.",2020-03-16,2020-03-16,2020-04-13,"Australia","AUS","AU","Provincial",1,"Victoria",NA,"Declaration of Emergency",NA,NA,NA,"Australia",NA,NA,"Victoria",NA,NA,"All Residents (Citizen Residents + Foreign Residents)",NA,NA,"Mandatory (Unspecified/Implied)","Ministry/Department of Health,Provincial/State Government",50.8586773557478,49.6858586019451,48.2842750806351,49,"https://www.abc.net.au/news/2020-03-16/victoria-coronavirus-state-of-emergency-powers-explained/12059194",2020-11-24,2020-11-24 01:27:45
"73",194,"R_2f1zlXk7RBCLAWbNA",2586418,"new_entry","original",NA,NA,"The Victorian Government is directing all Victorians to stay at home to slow the spread of coronavirus (COVID-19). These new arrangements came into effect at 11.59pm on Tuesday, 12 May.
You can now:

1. Have family and friends visit you at home – with up to five visitors allowed at your home at one time.
2. Gatherings of people for the purposes of non-contact sport and recreation in public settings, such as National, State and public parks – with groups of up to ten being allowed to gather.
3. Small gatherings of up to 10 people at some indoor facilities such as places of worship and community centres – along with those required to run the facilities.  The four-square metre rule applies in these settings.",2020-05-28,2020-05-12,2020-07-31,"Australia","AUS","AU","Provincial",0,"Victoria",NA,"Lockdown",NA,NA,NA,"Australia",NA,NA,"Victoria",NA,NA,NA,NA,NA,"Mandatory with Exceptions (Please list exceptions in the text entry)","Ministry/Department of Health",NA,NA,NA,NA,"https://web.archive.org/web/20200528215628/https://www.dhhs.vic.gov.au/stay-home-restrictions-coronavirus",2020-09-16,2020-09-16 01:56:12
"74",423,"R_1gSjfO1t1V9rnHdCu",6911744,"new_entry","original",NA,NA,"Victoria, Australia is suspending all non-urgent public dental procedures for the next three months to limit the spread of coronavirus and to protect patients and staff on 30 March, 2020",2020-03-30,2020-03-30,2020-06-30,"Australia","AUS","AU","Provincial",1,"Victoria",NA,"Restriction and Regulation of Government Services","Other public facilities",NA,"This service provided by the government is provided with conditions atttached","Australia",NA,NA,"Victoria",NA,NA,"All Residents (Citizen Residents + Foreign Residents)",NA,NA,"Mandatory (Unspecified/Implied)","Ministry/Department of Health",53.9960543553612,52.1648451491062,50.5466125849037,69,"https://www.premier.vic.gov.au/suspending-non-urgent-public-dental-for-coronavirus/",2020-06-26,2020-06-26 22:08:34
"75",12,"R_1f15aM1QAjS6vi3NA",6543237,"new_entry","original",NA,NA,"On 16 March 2020 the Western Australian Minister for Health declared a public health state of emergency with effect from 12am on 17 March 2020",2020-03-16,2020-03-17,NA,"Australia","AUS","AU","Provincial",1,"Western Australia",NA,"Declaration of Emergency",NA,NA,NA,"Australia",NA,NA,"Western Australia",NA,NA,"All Residents (Citizen Residents + Foreign Residents)",NA,NA,"Mandatory (Unspecified/Implied)","Ministry/Department of Health,Provincial/State Government",51.3344528545897,49.9871515023681,48.5353126808813,52,"https://ww2.health.wa.gov.au/~/media/Files/Corporate/general%20documents/Infectious%20diseases/PDF/Coronavirus/COVID19-Agency-Advisory-11-2020.pdf",2020-04-06,2020-04-06 10:05:29
"76",65,"R_1GxKVBsuvPMQCGTBp",2006341,"new_entry","original",NA,NA,"06.03.2020: Western Australia opens three COVID clinics at major metropolitan public hospitals",2020-03-09,2020-03-10,NA,"Australia","AUS","AU","Provincial",1,"Western Australia",NA,"Health Resources","Hospitals",NA,NA,"Australia","One or more geographical or administrative units within one or more countries",NA,"Western Australia_Western Australia",NA,NA,"All Residents (Citizen Residents + Foreign Residents)",NA,"Not Applicable","Mandatory (Unspecified/Implied)","Ministry/Department of Health,Provincial/State Government",52.0180293445182,49.4985701955436,46.7849121008561,65,"https://ww2.health.wa.gov.au/Media-releases/2020/Minister-for-Health-WA-COVID-clinics-to-help-combat-coronavirus-community-spread",2020-04-06,2020-04-06 09:17:42
"77",154,"R_AMrRxtwwv8XnXbzNA",9570329,"new_entry","original",NA,NA,"11.03.2020: Western Australia announces to open 8 metropolitan and 29 regional testing facilities within the state",2020-03-11,2020-03-11,NA,"Australia","AUS","AU","Provincial",1,"Western Australia",NA,"Health Testing",NA,NA,NA,"Australia","One or more geographical or administrative units within one or more countries",NA,"Western Australia_Western Australia",NA,NA,"All Residents (Citizen Residents + Foreign Residents)",NA,"Not Applicable","Voluntary/Recommended but No Penalties","Ministry/Department of Health,Provincial/State Government",51.8399473951233,49.791506723967,46.6817737305103,77,"https://www.mediastatements.wa.gov.au/Pages/McGowan/2020/03/PathWest-boosts-COVID-19-capability.aspx",2020-04-06,2020-04-06 09:29:02
"78",178,"R_2Vr50MxzDymsfAKNA",2998411,"new_entry","original",NA,NA,"WA borders closed at 13:30 24 March 2020. Interstate arrivals are now required to self-isolate for 14 days, and the border controls apply to all road, air, rail and sea access points. Exceptions apply for essential services and workers.",2020-03-24,2020-03-24,NA,"Australia","AUS","AU","Provincial",1,"Western Australia",NA,"Internal Border Restrictions",NA,NA,NA,"Australia","One or more countries, but not all countries",NA,"Western Australia",NA,NA,"All Residents (Citizen Residents + Foreign Residents)",NA,NA,"Mandatory (Unspecified/Implied)","Provincial/State Government",53.2898557844817,51.7799888193876,50.3819036607217,70,"https://ww2.health.wa.gov.au/~/media/Files/Corporate/general%20documents/Infectious%20diseases/PDF/Coronavirus/COVID19-Agency-Advisory-12-2020.pdf",2020-04-06,2020-04-06 10:15:44
"79",201,"R_Z3i3Y4BdCargiKlNA",7549220,"new_entry","original",NA,NA,"19.03.2020: All staff working in Western Australia's public healthcare system will be supported by a new COVID-19 screening and testing pathway",2020-03-19,2020-03-19,NA,"Australia","AUS","AU","Provincial",1,"Western Australia",NA,"New Task Force, Bureau or Administrative Configuration",NA,NA,NA,"Australia",NA,NA,"Western Australia",NA,NA,"All Residents (Citizen Residents + Foreign Residents)",NA,NA,"Mandatory (Unspecified/Implied)","Ministry/Department of Health,Provincial/State Government",51.8152048083278,50.6252021481097,49.1761889601873,57,"https://www.mediastatements.wa.gov.au/Pages/McGowan/2020/03/Dedicated-pathway-for-WA-Health-staff-needing-to-be-tested-for-coronavirus.aspx",2020-04-06,2020-04-06 09:33:14
"80",308,"R_qx4sMn15vjVr8YNEd",4161508,"new_entry","original",NA,NA,"09/07/2020: Quarantine rules for all people entering WA will be toughened from midnight tonight (11.59pm Thursday, July 9) due to the serious situation in Victoria.

Effective from today, everyone who is permitted to enter WA, who has been in Victoria for the previous 14 days, will be served with a notice on arrival compelling them to take a COVID-19 test on Day 11 of their time in WA or at any point when symptoms develop.

Under the State of Emergency, the WA Police Force will continue to perform checks on arrivals and have the power to enforce the COVID-19 test requirement with a fine of $5,000.",2020-07-09,2020-07-09,NA,"Australia","AUS","AU","Provincial",1,"Western Australia",NA,"Quarantine","Self-Quarantine (i.e. quarantine at home)",NA,NA,"Australia","One or more geographical or administrative units within one or more countries",NA,"Victoria_Western Australia",NA,NA,"All Residents (Citizen Residents + Foreign Residents)","Inbound","Not Applicable","Mandatory with Legal Penalties (Jail Time),Mandatory with Fines","Ministry/Department of Health,Provincial/State Government,Police",NA,NA,NA,NA,"https://www.mediastatements.wa.gov.au/Pages/McGowan/2020/07/Tougher-regime-on-Victorian-arrivals-into-WA.aspx",2020-09-06,2020-09-06 06:24:41
"81",354,"R_2bJc4zQNhwJzuKzDv",456137,"new_entry","original",NA,NA,"On 26.03.2020, Western Australia closes non-essential businesses as advised by the Commonwealth government.",2020-03-26,2020-03-26,2020-05-17,"Australia","AUS","AU","Provincial",1,"Western Australia",NA,"Restriction and Regulation of Businesses","Restaurants",NA,"This type of business  (""Restaurants"") is closed/locked down","Australia",NA,NA,"Western Australia",NA,NA,"All Residents (Citizen Residents + Foreign Residents)",NA,NA,"Mandatory (Unspecified/Implied)","Provincial/State Government",52.9799611308989,52.0218894081391,50.9530322435114,72,"https://ww2.health.wa.gov.au/~/media/Files/Corporate/general%20documents/Infectious%20diseases/PDF/Coronavirus/COVID19-Agency-Advisory-14-2020.pdf",2020-04-06,2020-04-06 10:39:27
"82",457,"R_1GOeSZQT8rC6YBTNA",6929016,"new_entry","original",NA,NA,"26/04/2020: From April 27 2020, WA Stage 3 Restrictions will be eased. Non-work gatherings limit will increase from 2 to 10 people. [PHASE 1]",2020-04-26,2020-04-27,2020-05-17,"Australia","AUS","AU","Provincial",1,"Western Australia",NA,"Restrictions of Mass Gatherings",NA,NA,NA,"Australia",NA,NA,"Western Australia",NA,NA,"All Residents (Citizen Residents + Foreign Residents)",NA,NA,"Mandatory with Fines","Ministry/Department of Health,Provincial/State Government,Police",58.8002193440589,52.1728029297332,45.5767427594541,62,"https://www.mediastatements.wa.gov.au/Pages/McGowan/2020/04/Cautious-easing-of-restrictions-thanks-to-WAs-COVID-19-progress.aspx ; https://www.mediastatements.wa.gov.au/Pages/McGowan/2020/05/The-WA-roadmap-for-easing-COVID-19-restrictions.aspx ; https://www.wa.gov.au/organisation/department-of-the-premier-and-cabinet/covid-19-coronavirus-wa-roadmap",2020-09-04,2020-09-04 10:49:50
"83",492,"R_WoZUtveXjbQ8BkBNA",5988678,"new_entry","original",NA,NA,"From 29.03., Western Australia adapts measures of social distancing as advised by Commonwealth government. This includes a minimization of social internaction, public gatherings, excluding household members, reduced to a maximum of two people, 1.5m distance to each other.",2020-03-26,2020-03-26,NA,"Australia","AUS","AU","Provincial",1,"Western Australia",NA,"Social Distancing",NA,NA,NA,"Australia",NA,NA,"Western Australia",NA,NA,"All Residents (Citizen Residents + Foreign Residents)",NA,NA,"Mandatory with Fines","Provincial/State Government",52.9799611308989,52.0218894081391,50.9530322435114,72,"https://ww2.health.wa.gov.au/~/media/Files/Corporate/general%20documents/Infectious%20diseases/PDF/Coronavirus/COVID19-Agency-Advisory-14-2020.pdf",2020-04-06,2020-04-06 10:35:28
"84",6,"R_3hroVQNuVMht1SmDe",4610550,"new_entry","original",NA,NA,"On 2 April 2020, the Australian Government announced that from 6 April 2020, the ""Government will pay 50 per cent of the sector’s fee revenue up to the existing hourly rate cap based on a point in time before parents started withdrawing their children in large numbers, but only so long as services remain open and do not charge families for care.""

The plan provides funding certainty to early childhood education and care services at a time where enrolments and attendance are highly unpredictable.

Until the payments arrive, the Government is allowing services to waive gap fees for families who keep their children home, and families will be able to use the 20 extra absence days the government has funded for coronavirus related reasons without giving up their place in a child care centre.",2020-04-02,2020-04-06,2020-07-12,"Australia","AUS","AU","National",1,NA,NA,"Closure and Regulation of Schools","Preschool or childcare facilities (generally for children ages 5 and below)",NA,"Preschool or childcare facilities allowed to open with no conditions","Australia",NA,NA,NA,NA,NA,"All Residents (Citizen Residents + Foreign Residents)",NA,NA,"Mandatory (Other; please list other enforcement mechanisms in the text entry)","National Government,Other (Please specify in the text box)",55.7685618707787,52.1844846780447,49.4801287702147,65,"https://www.pm.gov.au/media/early-childhood-education-and-care-relief-package ; https://www.legislation.gov.au/Details/F2020L00406 ; https://www.legislation.gov.au/Details/F2020L00406/Explanatory%20Statement/Text ; https://www.dese.gov.au/covid-19/childcare/childcare-faq",2020-06-08,2020-06-08 09:07:19
"85",66,"R_ONbosBQNkpgc1yNBk",3952335,"new_entry","correction",NA,NA,"On 11 March 2020, the Australian Government announced that it will allocate AU$30 million from the Medical Research Future Fund for vaccine, anti-viral and respiratory medicine research. This will enable Australian researchers to be at the forefront of the drive to develop both treatments and a vaccine.",2020-03-11,2020-03-11,NA,"Australia","AUS","AU","National",0,NA,NA,"Health Resources","Health Research Facilities",NA,NA,"Australia","One or more countries, but not all countries",NA,NA,NA,NA,"All Residents (Citizen Residents + Foreign Residents)","Inbound","Not Applicable","Mandatory (Unspecified/Implied)","National Government",51.8399473951233,49.791506723967,46.6817737305103,77,"https://www.pm.gov.au/media/24-billion-health-plan-fight-covid-19",2020-08-04,2020-08-04 12:13:21
"86",152,"R_3etcuAK4d9Ku4qCNA",2399366,"new_entry","correction",NA,NA,"On 11 March 2020, the Australian Government announced a AU$ 2.4 billion health package, included in this package is AU$58.7 million to support people living and working in remote locations, in particular Aboriginal and Torres Strait Islander communities. This includes tools to proactively screen visitors and fly-in, fly-out workers, additional support to evacuate early cases if required, and mobile respiratory clinics to quickly respond to outbreaks where there is no hospital or available health service.",2020-03-11,2020-03-11,NA,"Australia","AUS","AU","National",0,NA,NA,"Health Testing",NA,NA,NA,"Australia","One or more countries, but not all countries",NA,NA,NA,NA,"All Residents (Citizen Residents + Foreign Residents)","Inbound","Not Applicable","Mandatory (Unspecified/Implied)","National Government,Ministry/Department of Health,Provincial/State Government",51.8399473951233,49.791506723967,46.6817737305103,77,"https://www.pm.gov.au/media/24-billion-health-plan-fight-covid-19",2020-08-02,2020-08-02 09:11:13
"87",176,"R_128PO2E4rCHn1X2NA",1218642,"new_entry","original",NA,NA,"On 18 March 2020, the Australian Government announced that Australians should only consider domestic travel when it is essential.",2020-03-18,2020-03-18,NA,"Australia","AUS","AU","National",1,NA,NA,"Internal Border Restrictions",NA,NA,NA,"Australia","One or more countries, but not all countries",NA,NA,NA,NA,"All Residents (Citizen Residents + Foreign Residents)",NA,NA,"Voluntary/Recommended but No Penalties","National Government",51.4301755261499,50.3166966406656,49.1314367978553,56,"https://www.pm.gov.au/media/update-coronavirus-measures",2020-04-03,2020-04-03 16:48:19
"88",193,"R_30eFsAWfIu2z2vYNA",2127791,"new_entry","original",NA,NA,"On 9 April 2020, the Australian Prime Minister Scott Morrison shared an Easter Message in which he urged Australians to stay at home this Easter. ""Don't travel. Don't go away."" 

What Australians can do and cannot do during Easter will depend on the restrictions created by individual states and territories.",2020-04-09,2020-04-09,2020-04-09,"Australia","AUS","AU","National",0,NA,NA,"Lockdown",NA,NA,NA,"Australia",NA,NA,NA,NA,NA,NA,NA,NA,"Mandatory (Unspecified/Implied)","Other (Please specify in the text box)",56.2524830492391,52.3091229503053,48.4814180251467,69,"https://www.pm.gov.au/media/prime-minister-easter-message",2020-09-08,2020-09-08 10:05:26
"89",219,"R_cIPDplvc7DGyLChNA",4474100,"new_entry","original",NA,NA,"On 21 January 2020, the Australian Director of Human Biosecurity amended subsection 42(1) of the Biosecurity Act 2015. The Biosecurity (Listed Human Diseases) Amendment Determination 2020 includes ""human coronavirus with pandemic potential"" to the Biosecurity Act.",2020-01-21,2020-01-21,NA,"Australia","AUS","AU","National",0,NA,NA,"Other Policy Not Listed Above",NA,"Amendment to the Biosecurity Act to enable the declaration of a Human Biosecurity Emergency. Not yet a declaration of emergency",NA,"Australia",NA,NA,NA,NA,NA,NA,NA,NA,"Mandatory (Unspecified/Implied)","National Government,Ministry/Department of Health",49.5616202415139,47.3494059283088,44.1966866506643,136,"https://www.legislation.gov.au/Details/F2020L00037 ; legislation.gov.au/Details/F2020L00037/Explanatory%20Statement/Text",2020-12-03,2020-12-03 18:39:45
"90",333,"R_3PZBJEqbSNU3suGDv",8504979,"new_entry","original",NA,NA,"On 22 March 2020, the Australian Government announced that as of midday local time 23 March 2020, the following facilities will be closed: pubs, registered and licenced clubs (excluding bottle shops attached to these venues), hotels (excluding accommodation); gyms and indoor sporting venues; cinemas, entertainment venues, casinos, and night clubs; restaurants and cafes will be restricted to takeaway and/or home delivery; religious gatherings, places of worship or funerals (in enclosed spaces and other than very small groups and where the 1 person per 4 square metre rule applies).",2020-03-22,2020-03-23,2020-05-14,"Australia","AUS","AU","National",1,NA,NA,"Restriction and Regulation of Businesses","Restaurants",NA,"This type of business  (""Restaurants"") is closed/locked down","Australia",NA,NA,NA,NA,NA,"All Residents (Citizen Residents + Foreign Residents)",NA,NA,"Mandatory with Exceptions (Please list exceptions in the text entry)","National Government",52.5846622043564,51.62199425634,50.5668693379512,65,"https://www.pm.gov.au/media/update-coronavirus-measures-220320",2020-04-03,2020-04-03 17:51:57
"91",430,"R_2Xo0nwb1yEde8OMNA",2496144,"new_entry","original",NA,NA,"On 13 March 2020 the Australian Health Protection Principal Committee (AHPPC), National, State and Territory governments have agreed to provide public advice against holding non-essential, organised public gatherings of more than 500 people from 16 March 2020.",2020-03-13,2020-03-16,NA,"Australia","AUS","AU","National",1,NA,NA,"Restrictions of Mass Gatherings",NA,NA,NA,"Australia",NA,NA,NA,NA,NA,"All Residents (Citizen Residents + Foreign Residents)",NA,NA,"Voluntary/Recommended but No Penalties","National Government,Ministry/Department of Health,Provincial/State Government",50.8586773557478,49.6858586019451,48.2842750806351,49,"https://www.pm.gov.au/media/advice-coronavirus",2020-04-03,2020-04-03 12:32:56
"92",484,"R_2B9BlUrYXL8jwpvCs",4595838,"new_entry","original",NA,NA,"On 18 March 2020, the Australian Government agreed to recommendations by the Australian Health Protection Principal Committee (AHPPC) to implement arrangements to protect older Australians in Residential Aged Care Facilities. 

Visitors and staff who have returned from overseas in the last 14 days; been in contact with a confirmed case of COVID-19 in the last 14 days; with fever or symptoms of acute respiratory infection (e.g. cough, sore throat, runny nose, shortness of breath); and who have not been vaccinated against influenza (after 1 May) are restricted from entering the facilities. 

Furthermore, visits should be limited to a short duration; a maximum of two immediate social supports (family members, close friends) or professional service or advocacy at one time, per day; be conducted in a resident’s room, outdoors, or in a specific area designated by the aged care facility, rather than communal areas where the risk of transmission to residents is greater. There must be no large group visits or gatherings, including social activities or entertainment, should be permitted at this time; and no school groups of any size should be allowed to visit aged care facilities.

Visitors should also be encouraged to practise social distancing practices where possible, including maintaining a distance of 1.5 metres. Children aged 16 years or less must be permitted only by exception, as they are generally unable to comply with hygiene measures. Exemptions can be assessed on a case-by-case basis, for example, where the resident is in a palliative care scenario. Measures such as phone or video calls must be accessible to all residents to enable more regular communication with family members. Family and friends should be encouraged to maintain contact with residents by phone and other social communication apps, as appropriate.",2020-03-18,2020-03-18,NA,"Australia","AUS","AU","National",1,NA,NA,"Social Distancing","Other Mask Wearing Policy",NA,NA,"Australia",NA,NA,NA,NA,NA,"All Residents (Citizen Residents + Foreign Residents)",NA,NA,"Mandatory (Unspecified/Implied)","National Government,Provincial/State Government,Other (Please specify in the text box)",51.4301755261499,50.3166966406656,49.1314367978553,56,"https://www.pm.gov.au/media/update-coronavirus-measures ; https://www.health.gov.au/news/australian-health-protection-principal-committee-ahppc-coronavirus-covid-19-statement-on-17-march-2020-0",2020-06-17,2020-06-17 18:51:25
